{
	"partitions" : [
		{
			"name" : "Top",
			"pins" : [
				{
					"name" : "seven_seg_lo[0]",
					"strict" : false
				},
				{
					"name" : "seven_seg_lo[1]",
					"strict" : false
				},
				{
					"name" : "seven_seg_lo[2]",
					"strict" : false
				},
				{
					"name" : "seven_seg_lo[3]",
					"strict" : false
				},
				{
					"name" : "seven_seg_lo[4]",
					"strict" : false
				},
				{
					"name" : "seven_seg_lo[5]",
					"strict" : false
				},
				{
					"name" : "seven_seg_lo[6]",
					"strict" : false
				},
				{
					"name" : "seven_seg_hi[0]",
					"strict" : false
				},
				{
					"name" : "seven_seg_hi[1]",
					"strict" : false
				},
				{
					"name" : "seven_seg_hi[2]",
					"strict" : false
				},
				{
					"name" : "seven_seg_hi[3]",
					"strict" : false
				},
				{
					"name" : "seven_seg_hi[4]",
					"strict" : false
				},
				{
					"name" : "seven_seg_hi[5]",
					"strict" : false
				},
				{
					"name" : "seven_seg_hi[6]",
					"strict" : false
				},
				{
					"name" : "v1out",
					"strict" : false
				},
				{
					"name" : "v2out",
					"strict" : false
				},
				{
					"name" : "v3out",
					"strict" : false
				},
				{
					"name" : "valve1",
					"strict" : false
				},
				{
					"name" : "valve2",
					"strict" : false
				},
				{
					"name" : "valve3",
					"strict" : false
				},
				{
					"name" : "sens",
					"strict" : false
				},
				{
					"name" : "reset",
					"strict" : false
				},
				{
					"name" : "clk",
					"strict" : false
				}
			]
		}
	]
}